PCR_template_Echo_384Well,PCR_Plate,Volume,Mutation
A1,A1,2500,V141M / Q167R
A1,A2,2500,V141M / Q106W
A1,A3,2500,V141M / Q154K
A1,A4,2500,V141M / L303Q
A1,A5,2500,V141M / E316S
A1,A6,2500,V141M / Q295D
A1,A7,2500,V141M / T158E
A1,A8,2500,V141M / I109V
A1,A9,2500,V141M / S157K
A1,A10,2500,V141M / Q154P
A1,A11,2500,V141M / L103V
A1,A12,2500,V141M / Q295R
A1,B1,2500,V141M / Q362R
A1,B2,2500,V141M / E316P
A1,B3,2500,V141M / G334A
A1,B4,2500,V141M / E316K
A1,B5,2500,V141M / R162K
A1,B6,2500,V141M / T25D
A1,B7,2500,V141M / A339L
A1,B8,2500,V141M / R162Q
A1,B9,2500,V141M / E48Q
A1,B10,2500,V141M / S173N
A1,B11,2500,V141M / Q154D
A1,B12,2500,V141M / N366D
A1,C1,2500,V141M / T25S
A1,C2,2500,V141M / Q154S
A1,C3,2500,V141M / Q154R
A1,C4,2500,V141M / L320V
A1,C5,2500,V141M / V298L
A1,C6,2500,V141M / E316L
A1,C7,2500,V141M / E404P
A1,C8,2500,V141M / N366G
A1,C9,2500,V141M / H161Q
A1,C10,2500,V141M / R162A
A1,C11,2500,V141M / L303S
A1,C12,2500,V141M / K226G
A1,D1,2500,V141M / E48K
A1,D2,2500,V141M / E316N
A1,D3,2500,V141M / S173D
A1,D4,2500,V141M / T25P
A1,D5,2500,V141M / E48P
A1,D6,2500,V141M / E316T
A1,D7,2500,V141M / T318N
A1,D8,2500,V141M / V298S
A1,D9,2500,V141M / R305Q
A1,D10,2500,V141M / Q345G
A1,D11,2500,V141M / E48D
A1,D12,2500,V141M / T158A
A1,E1,2500,V141M / E48R
A1,E2,2500,V141M / S157P
A1,E3,2500,V141M / Q154A
A1,E4,2500,V141M / S173A
A1,E5,2500,V141M / G7L
A1,E6,2500,V141M / Q154T
A1,E7,2500,V141M / G334S
A1,E8,2500,V141M / L303G
A1,E9,2500,V141M / T28Q
A1,E10,2500,V141M / E316D
A1,E11,2500,V141M / L103I
A1,E12,2500,V141M / V266R
A1,F1,2500,V141M / Q345D
A1,F2,2500,V141M / S248A
A1,F3,2500,V141M / A65L
A1,F4,2500,V141M / V266E
A1,F5,2500,V141M / V266Q
A1,F6,2500,V141M / V298D
A1,F7,2500,V141M / T318A
A1,F8,2500,V141M / I15V
A1,F9,2500,V141M / H161L
A1,F10,2500,V141M / K319R
A2,F11,2500,Q167R / Q106W
A1,F12,2500,V141M / E316A
A1,G1,2500,V141M / E48A
A1,G2,2500,V141M / S315P
A1,G3,2500,V141M / H161R
A1,G4,2500,V141M / P19A
A1,G5,2500,V141M / S173E
A1,G6,2500,V141M / Q154H
A2,G7,2500,Q167R / Q154K
A1,G8,2500,V141M / E174T
A1,G9,2500,V141M / S386A
A1,G10,2500,V141M / H161T
A2,G11,2500,Q167R / L303Q
A1,G12,2500,V141M / N89E
A1,H1,2500,V141M / T158Q
A1,H2,2500,V141M / R162D
A1,H3,2500,V141M / L303P
A1,H4,2500,V141M / N89K
A1,H5,2500,V141M / N89S
A1,H6,2500,V141M / V302E
A1,H7,2500,V141M / F210L
A1,H8,2500,V141M / T158K
A2,H9,2500,Q167R / E316S
A2,H10,2500,Q167R / Q295D
A1,H11,2500,V141M / V298A
A1,H12,2500,V141M / A105V
