Well,Mutation
A1,V141M / Q167R
A2,V141M / Q106W
A3,V141M / Q154K
A4,V141M / L303Q
A5,V141M / E316S
A6,V141M / Q295D
A7,V141M / T158E
A8,V141M / I109V
A9,V141M / S157K
A10,V141M / Q154P
A11,V141M / L103V
A12,V141M / Q295R
B1,V141M / Q362R
B2,V141M / E316P
B3,V141M / G334A
B4,V141M / E316K
B5,V141M / R162K
B6,V141M / T25D
B7,V141M / A339L
B8,V141M / R162Q
B9,V141M / E48Q
B10,V141M / S173N
B11,V141M / Q154D
B12,V141M / N366D
C1,V141M / T25S
C2,V141M / Q154S
C3,V141M / Q154R
C4,V141M / L320V
C5,V141M / V298L
C6,V141M / E316L
C7,V141M / E404P
C8,V141M / N366G
C9,V141M / H161Q
C10,V141M / R162A
C11,V141M / L303S
C12,V141M / K226G
D1,V141M / E48K
D2,V141M / E316N
D3,V141M / S173D
D4,V141M / T25P
D5,V141M / E48P
D6,V141M / E316T
D7,V141M / T318N
D8,V141M / V298S
D9,V141M / R305Q
D10,V141M / Q345G
D11,V141M / E48D
D12,V141M / T158A
E1,V141M / E48R
E2,V141M / S157P
E3,V141M / Q154A
E4,V141M / S173A
E5,V141M / G7L
E6,V141M / Q154T
E7,V141M / G334S
E8,V141M / L303G
E9,V141M / T28Q
E10,V141M / E316D
E11,V141M / L103I
E12,V141M / V266R
F1,V141M / Q345D
F2,V141M / S248A
F3,V141M / A65L
F4,V141M / V266E
F5,V141M / V266Q
F6,V141M / V298D
F7,V141M / T318A
F8,V141M / I15V
F9,V141M / H161L
F10,V141M / K319R
F11,Q167R / Q106W
F12,V141M / E316A
G1,V141M / E48A
G2,V141M / S315P
G3,V141M / H161R
G4,V141M / P19A
G5,V141M / S173E
G6,V141M / Q154H
G7,Q167R / Q154K
G8,V141M / E174T
G9,V141M / S386A
G10,V141M / H161T
G11,Q167R / L303Q
G12,V141M / N89E
H1,V141M / T158Q
H2,V141M / R162D
H3,V141M / L303P
H4,V141M / N89K
H5,V141M / N89S
H6,V141M / V302E
H7,V141M / F210L
H8,V141M / T158K
H9,Q167R / E316S
H10,Q167R / Q295D
H11,V141M / V298A
H12,V141M / A105V