Well,Mutation,PCR_template,PCR_template_well,PCR_template_Echo_384Well,Single,PCR_Plate,Primer Well
A1,V141M / Q167R,V141M,F6,A1,Q167R,A1,P1 A11
A2,V141M / Q106W,V141M,F6,A1,Q106W,A2,P2 A1
A3,V141M / Q154K,V141M,F6,A1,Q154K,A3,P1 A2
A4,V141M / L303Q,V141M,F6,A1,L303Q,A4,P1 H1
A5,V141M / E316S,V141M,F6,A1,E316S,A5,P1 E1
A6,V141M / Q295D,V141M,F6,A1,Q295D,A6,P1 H3
A7,V141M / T158E,V141M,F6,A1,T158E,A7,P1 A12
A8,V141M / I109V,V141M,F6,A1,I109V,A8,P1 A9
A9,V141M / S157K,V141M,F6,A1,S157K,A9,P1 B4
A10,V141M / Q154P,V141M,F6,A1,Q154P,A10,P1 A10
A11,V141M / L103V,V141M,F6,A1,L103V,A11,P1 B7
A12,V141M / Q295R,V141M,F6,A1,Q295R,A12,P1 B10
B1,V141M / Q362R,V141M,F6,A1,Q362R,B1,P1 C6
B2,V141M / E316P,V141M,F6,A1,E316P,B2,P1 A7
B3,V141M / G334A,V141M,F6,A1,G334A,B3,P1 B9
B4,V141M / E316K,V141M,F6,A1,E316K,B4,P1 B1
B5,V141M / R162K,V141M,F6,A1,R162K,B5,P1 A6
B6,V141M / T25D,V141M,F6,A1,T25D,B6,P1 H2
B7,V141M / A339L,V141M,F6,A1,A339L,B7,P1 B2
B8,V141M / R162Q,V141M,F6,A1,R162Q,B8,P1 A3
B9,V141M / E48Q,V141M,F6,A1,E48Q,B9,P1 A5
B10,V141M / S173N,V141M,F6,A1,S173N,B10,P1 D1
B11,V141M / Q154D,V141M,F6,A1,Q154D,B11,P1 G1
B12,V141M / N366D,V141M,F6,A1,N366D,B12,P1 G12
C1,V141M / T25S,V141M,F6,A1,T25S,C1,P2 H2
C2,V141M / Q154S,V141M,F6,A1,Q154S,C2,P1 C8
C3,V141M / Q154R,V141M,F6,A1,Q154R,C3,P1 C7
C4,V141M / L320V,V141M,F6,A1,L320V,C4,P1 G3
C5,V141M / V298L,V141M,F6,A1,V298L,C5,P1 B11
C6,V141M / E316L,V141M,F6,A1,E316L,C6,P1 F2
C7,V141M / E404P,V141M,F6,A1,E404P,C7,P1 B6
C8,V141M / N366G,V141M,F6,A1,N366G,C8,P1 F1
C9,V141M / H161Q,V141M,F6,A1,H161Q,C9,P1 E12
C10,V141M / R162A,V141M,F6,A1,R162A,C10,P1 B8
C11,V141M / L303S,V141M,F6,A1,L303S,C11,P1 H4
C12,V141M / K226G,V141M,F6,A1,K226G,C12,P2 G3
D1,V141M / E48K,V141M,F6,A1,E48K,D1,P1 C4
D2,V141M / E316N,V141M,F6,A1,E316N,D2,P1 B5
D3,V141M / S173D,V141M,F6,A1,S173D,D3,P1 G4
D4,V141M / T25P,V141M,F6,A1,T25P,D4,P1 F11
D5,V141M / E48P,V141M,F6,A1,E48P,D5,P1 C1
D6,V141M / E316T,V141M,F6,A1,E316T,D6,P1 C12
D7,V141M / T318N,V141M,F6,A1,T318N,D7,P1 D2
D8,V141M / V298S,V141M,F6,A1,V298S,D8,P1 C2
D9,V141M / R305Q,V141M,F6,A1,R305Q,D9,P1 G11
D10,V141M / Q345G,V141M,F6,A1,Q345G,D10,P1 G6
D11,V141M / E48D,V141M,F6,A1,E48D,D11,P1 B3
D12,V141M / T158A,V141M,F6,A1,T158A,D12,P1 C11
E1,V141M / E48R,V141M,F6,A1,E48R,E1,P1 H6
E2,V141M / S157P,V141M,F6,A1,S157P,E2,P1 C5
E3,V141M / Q154A,V141M,F6,A1,Q154A,E3,P1 E9
E4,V141M / S173A,V141M,F6,A1,S173A,E4,P1 E6
E5,V141M / G7L,V141M,F6,A1,G7L,E5,P2 E12
E6,V141M / Q154T,V141M,F6,A1,Q154T,E6,P1 E2
E7,V141M / G334S,V141M,F6,A1,G334S,E7,P1 D11
E8,V141M / L303G,V141M,F6,A1,L303G,E8,P1 D6
E9,V141M / T28Q,V141M,F6,A1,T28Q,E9,P1 G8
E10,V141M / E316D,V141M,F6,A1,E316D,E10,P1 C3
E11,V141M / L103I,V141M,F6,A1,L103I,E11,P1 D5
E12,V141M / V266R,V141M,F6,A1,V266R,E12,P1 F9
F1,V141M / Q345D,V141M,F6,A1,Q345D,F1,P1 G10
F2,V141M / S248A,V141M,F6,A1,S248A,F2,P1 H5
F3,V141M / A65L,V141M,F6,A1,A65L,F3,P2 B2
F4,V141M / V266E,V141M,F6,A1,V266E,F4,P1 F10
F5,V141M / V266Q,V141M,F6,A1,V266Q,F5,P2 A8
F6,V141M / V298D,V141M,F6,A1,V298D,F6,P1 A8
F7,V141M / T318A,V141M,F6,A1,T318A,F7,P1 G2
F8,V141M / I15V,V141M,F6,A1,I15V,F8,P2 E6
F9,V141M / H161L,V141M,F6,A1,H161L,F9,P1 D7
F10,V141M / K319R,V141M,F6,A1,K319R,F10,P1 C10
F11,Q167R / Q106W,Q167R,A11,A2,Q106W,F11,P2 A1
F12,V141M / E316A,V141M,F6,A1,E316A,F12,P1 A1
G1,V141M / E48A,V141M,F6,A1,E48A,G1,P1 D8
G2,V141M / S315P,V141M,F6,A1,S315P,G2,P1 F7
G3,V141M / H161R,V141M,F6,A1,H161R,G3,P2 F2
G4,V141M / P19A,V141M,F6,A1,P19A,G4,P2 A3
G5,V141M / S173E,V141M,F6,A1,S173E,G5,P1 E3
G6,V141M / Q154H,V141M,F6,A1,Q154H,G6,P1 D3
G7,Q167R / Q154K,Q167R,A11,A2,Q154K,G7,P1 A2
G8,V141M / E174T,V141M,F6,A1,E174T,G8,P1 G7
G9,V141M / S386A,V141M,F6,A1,S386A,G9,P2 D1
G10,V141M / H161T,V141M,F6,A1,H161T,G10,P2 F1
G11,Q167R / L303Q,Q167R,A11,A2,L303Q,G11,P1 H1
G12,V141M / N89E,V141M,F6,A1,N89E,G12,P1 D4
H1,V141M / T158Q,V141M,F6,A1,T158Q,H1,P1 F6
H2,V141M / R162D,V141M,F6,A1,R162D,H2,P1 F3
H3,V141M / L303P,V141M,F6,A1,L303P,H3,P2 C12
H4,V141M / N89K,V141M,F6,A1,N89K,H4,P2 H5
H5,V141M / N89S,V141M,F6,A1,N89S,H5,P1 B12
H6,V141M / V302E,V141M,F6,A1,V302E,H6,P1 E8
H7,V141M / F210L,V141M,F6,A1,F210L,H7,P2 B4
H8,V141M / T158K,V141M,F6,A1,T158K,H8,P1 E5
H9,Q167R / E316S,Q167R,A11,A2,E316S,H9,P1 E1
H10,Q167R / Q295D,Q167R,A11,A2,Q295D,H10,P1 H3
H11,V141M / V298A,V141M,F6,A1,V298A,H11,P2 F10
H12,V141M / A105V,V141M,F6,A1,A105V,H12,P1 D9
